collectionOrder,teseraId,teseraAlias,teseraTitle,teseraAlternateTitles,teseraYear,teseraIsAddition,bggId,bggName,bggType,matchMethod,ownedParentBggIds,disposition,notes
1,2067936,twilight-inscription,Сумерки империи: Летопись галактики,Twilight Inscription,2022,false,361545,Twilight Inscription,base,tesera-detail-bgg-id,,matched,
2,2147030,mysticvale,Mystic Vale: Essential Edition,,2020,false,308762,Mystic Vale: Essential Edition,base,tesera-detail-bgg-id,,matched,
3,2063275,little-town-artisans,Little Town: Artisans,,2022,true,359133,Little Town: Artisans,expansion,tesera-detail-bgg-id,,excluded-orphan-expansion,No officially linked owned base game in the BGG collection. No officially linked owned base game in the BGG collection.
4,2188601,dopolnenie-dlya-igry-gorodishko,Городишко: Хорошие здания,Little Town: Goodie Buildings,,true,286796,Little Town: Goodie Buildings,expansion,tesera-detail-bgg-id,,excluded-orphan-expansion,No officially linked owned base game in the BGG collection. No officially linked owned base game in the BGG collection.
5,2199329,1919-novoe-nachalo,1919 Новое начало,,2023,false,,,,unresolved,,needs-review,
6,2365595,the-white-castle-matcha,Белый Замок: Матча,The White Castle: Matcha,2024,true,420321,The White Castle: Matcha,expansion,tesera-detail-bgg-id,,excluded-orphan-expansion,No officially linked owned base game in the BGG collection. No officially linked owned base game in the BGG collection.
7,2450844,the-shire-promo-tile-2024,The Shire Promo Tile (2024),промо-регион для игры The Lord of the Rings: Duel for Middle-Earth,,true,,,,unresolved,,needs-review,
8,2450838,the-lord-of-the-rings-duel-for-middle-earth-grond-promo-tile,The Lord of the Rings: Duel for Middle-Earth Grond Promo Tile (2024),промо провинция для игры The Lord of the Rings: Duel for Middle-earth,2024,true,,,,unresolved,,needs-review,
9,2368349,the-lord-of-the-rings-duel-for-middle-earth,The Lord of the Rings: Duel for Middle-Earth,Lord of the Rings: Duel for Middle-Earth,2024,false,421006,The Lord of the Rings: Duel for Middle-earth,base,tesera-detail-bgg-id,,matched,
10,2300789,splendor-pokmon,Splendor: Pokémon,Splendor: Pokemon,2023,false,,,,unresolved,,needs-review,
11,603088,cash-n-guns-more-cash-n-n-more-guns,Ca$h 'N Gun$: More Cash 'n more Guns,,2015,true,181228,Ca$h 'n Guns: Second Edition – More Ca$h 'n More Guns,expansion,tesera-detail-bgg-id,155362,matched,
12,2231013,its-a-wonderful-world-leisure-decadence,Этот безумный мир: Праздность и упадок,It's a Wonderful World: Leisure & Decadence,2020,true,,,,unresolved,,needs-review,
13,2231014,its-a-wonderful-world-war-or-peace,Этот безумный мир: Война или мир,It's a Wonderful World: War or Peace,2020,true,,,,unresolved,,needs-review,
14,51404,sequence,Sequence,,1982,false,2375,Sequence,base,tesera-detail-bgg-id,,matched,
15,633529,tiny-epic-western,Tiny Epic Western,,2016,false,180852,Tiny Epic Western,base,tesera-detail-bgg-id,,matched,
16,1672582,TinyEpicPirates,Tiny Epic Pirates,,2020,false,309430,Tiny Epic Pirates,base,tesera-detail-bgg-id,,matched,
17,1343869,hero-realms-character-pack-thief,Hero Realms: Character Pack – Thief,,2016,false,202106,Hero Realms: Character Pack – Thief,expansion,tesera-detail-bgg-id,198994,matched,
18,2045309,terraforming-mars-ares-expedition-crisis,Покорение Марса. Экспедиция «Арес». Кризис,Terraforming Mars: Ares Expedition - Crisis,2022,true,358738,Terraforming Mars: Ares Expedition – Crisis,expansion,tesera-detail-bgg-id,328871,matched,
19,1071707,castles-burgundy-dice-game,The Castles of Burgundy: The Dice Game,,2017,false,232988,The Castles of Burgundy: The Dice Game,base,tesera-detail-bgg-id,,matched,
20,1177215,vegas-wits-wagers,Vegas Wits & Wagers,,2017,false,,,,unresolved,,needs-review,
21,153463,Wits-and-Wagers,Держи пари,Wits & Wagers,2005,false,20100,Wits & Wagers,base,tesera-detail-bgg-id,,matched,
22,1134233,codenames-marvel,Codenames: Marvel,,2017,false,,,,unresolved,,needs-review,
23,1606416,codenames-harry-potter,Codenames: Harry Potter,,2018,false,,,,unresolved,,needs-review,
24,2284709,7-wonders-architects-medals,7 Wonders: Architects – Medals,7 Чудес: Архитекторы. Медали,2024,true,,,,unresolved,,needs-review,
25,2224751,Whale-To-Look,Whale To Look,クジラオルカ,2023,false,,,,unresolved,,needs-review,
26,1878732,durian,Durian,,2020,false,307963,Durian,base,tesera-detail-bgg-id,,matched,
27,1991688,First-Rat,First Rat,,2022,false,347703,First Rat,base,tesera-detail-bgg-id,,matched,
28,2063929,tiny-epic-vikings,Tiny Epic Vikings,,2023,false,360896,Tiny Epic Vikings,base,tesera-detail-bgg-id,,matched,
29,2252310,medieval-academy-2023,Средневековая академия,Medieval Academy (2023),2023,false,392448,Medieval Academy,base,tesera-detail-bgg-id,,matched,
30,1343821,hero-realms-character-pack-cleric,Hero Realms: Character Pack – Cleric,,2016,true,,,,unresolved,,needs-review,
31,1343853,hero-realms-character-pack-fighter,Hero Realms: Character Pack – Fighter,,2016,false,,,,unresolved,,needs-review,
32,1343862,hero-realms-character-pack-ranger,Hero Realms: Character Pack – Ranger,,2016,false,,,,unresolved,,needs-review,
33,1343872,hero-realms-character-pack-wizard,Hero Realms: Character Pack – Wizard,,2016,false,,,,unresolved,,needs-review,
34,1734186,kubicheskaya-rybalka,Кубическая рыбалка,,2021,false,,,,unresolved,,needs-review,
35,866633,sky-heist,Банда Братьев Райт,Sky Heist,2016,false,205787,Sky Heist,base,tesera-detail-bgg-id,,matched,
36,1447000,its-a-wonderful-world,Этот безумный мир,It's a Wonderful World,2019,false,271324,It's a Wonderful World,base,tesera-detail-bgg-id,,matched,
37,1521361,point-salad,Салат удачи,Point Salad,2019,false,274960,Point Salad,base,tesera-detail-bgg-id,,matched,
38,1076166,andalyr,Сказания Андалира,Базовое Издание,2017,false,,,,unresolved,,needs-review,
39,160815,Love-Letter,Тайное послание,Love Letter,2012,false,129622,Love Letter,base,tesera-detail-bgg-id,,matched,
40,2270595,bolshaya-brodilka-na-puti-k-tronu-zhelany,Большая Бродилка: На Пути к Трону Желаний,,2023,true,,,,unresolved,,needs-review,
41,1555594,fallout-shelter,Fallout Shelter. Настольная игра,Fallout Shelter: The Board Game,2020,false,293889,Fallout Shelter: The Board Game,base,tesera-detail-bgg-id,,matched,
42,4337,for-sale,Продано!,For Sale | З молотка,1997,false,172,For Sale,base,tesera-detail-bgg-id,,matched,
43,2106673,barrage-nile-affair-expansion,Плотина: Нил,Barrage: The Nile Affair Expansion,2022,true,366469,Barrage: The Nile Affair Expansion,expansion,tesera-detail-bgg-id,251247,matched,
44,1736328,taco-cat-goat-cheese-pizza,"Тако, кот, коза, сыр, пицца",taco cat goat cheese pizza,2018,false,253664,Taco Cat Goat Cheese Pizza,base,tesera-detail-bgg-id,,matched,
45,7091,no-thanks,"Нет уж, спасибо!","No Thanks! | No mercy, Geschenkt",2004,false,12942,No Thanks!,base,tesera-detail-bgg-id,,matched,
46,2061209,castles-of-burgundy-special-edition,The Castles of Burgundy: Special Edition,,2023,false,363622,The Castles of Burgundy: Special Edition,base,tesera-detail-bgg-id,,matched,
47,455787,skull-king,Skull King,,2013,false,150145,Skull King,base,tesera-detail-bgg-id,,matched,
48,1770386,hegemony-lead-your-class-to-victory,Гегемония: Классовая борьба,Hegemony: Lead your class to victory,2021,false,321608,Hegemony: Lead Your Class to Victory,base,tesera-detail-bgg-id,,matched,
49,2159021,hegemony-crisis-and-control,Гегемония: Классовая борьба — Кризис и контроль,Hegemony: Crisis and Control,2023,true,374250,Hegemony: Lead Your Class to Victory – Crisis & Control,expansion,tesera-detail-bgg-id,321608,matched,
50,1999844,hegemony-lead-your-class-to-victory-historical-events,Гегемония: Классовая борьба — Исторические события,Hegemony: Lead Your Class to Victory – Historical Events,2022,true,351611,Hegemony: Lead Your Class to Victory – Historical Events,expansion,tesera-detail-bgg-id,321608,matched,
51,1727044,mortum-srednevekovy-detektiv,Мортум. Средневековый детектив,Mortum. Medieval Detective,2021,false,296063,Mortum: Medieval Detective,base,tesera-detail-bgg-id,,matched,
52,2002649,mortum-ubeghishe,Мортум. Убежище,,2021,false,351600,Mortum: Medieval Detective – The Shelter,base,tesera-detail-bgg-id,,matched,
53,1954777,suburbia-2nd,Пригород,Suburbia (Second Edition),2021,false,123260,Suburbia,base,tesera-detail-bgg-id,,matched,
54,2216120,suburbia-expansions-second-edition,Пригород. Дополнения,Suburbia Expansions (second edition),2021,true,332410,Suburbia: Expansions (Second Edition),expansion,tesera-detail-bgg-id,123260,matched,
55,1575166,Scout,Scout!,スカウト！,2019,false,291453,SCOUT,base,tesera-detail-bgg-id,,matched,
56,1997244,terraforming-mars-the-dice-game,Terraforming Mars: The Dice Game,,2022,false,296108,Terraforming Mars: The Dice Game,base,tesera-detail-bgg-id,,matched,
57,1941213,7-wonders-architects,7 Чудес: Архитекторы,7 Wonders: Architects,2021,false,346703,7 Wonders: Architects,base,tesera-detail-bgg-id,,matched,
58,2300991,omerta,Омерта,Omerta,2019,false,270445,Omerta,base,tesera-detail-bgg-id,,matched,
59,636272,grand-austria-hotel,Гранд-отель «Австрия»,Grand Austria Hotel,2015,false,182874,Grand Austria Hotel,base,tesera-detail-bgg-id,,matched,
60,1747603,grand-austria-hotel-lets-waltz,Гранд-отель «Австрия». Станцуем вальс!,Grand Austria Hotel: Let’s Waltz!,2021,true,320780,Grand Austria Hotel: Let's Waltz!,expansion,tesera-detail-bgg-id,182874,matched,
61,2099479,splendor-duel,Роскошь. Дуэль,Splendor Duel,2022,false,364073,Splendor Duel,base,tesera-detail-bgg-id,,matched,
62,37349,Potion-Making-Gift-Pack,Зельеварение. Подарочное издание,,,true,34169,Potion-Making: Practice,base,tesera-detail-bgg-id,,matched,
63,1714454,endless-winter-paleoamericans,Вечная зима: Палеоиндейцы,Endless Winter: Paleoamericans,2021,false,305096,Endless Winter: Paleoamericans,base,tesera-detail-bgg-id,,matched,
64,1945436,EndlessWinterAncestors,Вечная Зима: Зов предков,Endless Winter: Ancestors,2021,true,,,,unresolved,,needs-review,
65,1953461,vechnaya-zima-reki-i-lodki,Вечная Зима: Реки и лодки,Endless Winter: Rivers & Rafts,2021,true,,,,unresolved,,needs-review,
66,1953463,vechnaya-zima-naskalnyye-risunki,Вечная зима: Наскальные рисунки,Endless Winter: Cave Paintings,2021,true,,,,unresolved,,needs-review,
67,1953467,vechnaya-zima-vernyye-druzya,Вечная зима: Верные друзья,Endless Winter: Canine Familiars | Endless Winter: Canine Familiars,2021,true,,,,unresolved,,needs-review,
68,1953486,vechnaya-zima-severnoye-siyaniye,Вечная зима: Северное Cияние,Endless Winter: Aurora Borealise,2021,true,,,,unresolved,,needs-review,
69,1953488,vechnaya-zima-svyashchennyye-zemli,Вечная зима: Священные Земли,Endless Winter: Ceremonial Grounds,2021,true,,,,unresolved,,needs-review,
70,2292007,vechnaya-zima-mamont,Вечная Зима: Мамонт,Endless Winter: Mammoth Module,2021,true,372347,Endless Winter: Mammoth Module,expansion,tesera-detail-bgg-id,305096,matched,
71,2257953,sea-salt-paper-extra-salt,"Море, соль, бумага. Больше соли",Sea Salt & Paper: Extra Salt,2023,true,396545,Sea Salt & Paper: Extra Salt,expansion,tesera-detail-bgg-id,367220,matched,
72,1865215,tortuga2199Expansion,Тортуга 2199. Бухта разбитых кораблей,,2021,true,,,,unresolved,,needs-review,
73,1338734,tortuga2199,Тортуга 2199,Tortuga 2199,2019,false,265017,Tortuga 2199,base,tesera-detail-bgg-id,,matched,
74,1660885,pax-renaissance-second-edition,Pax Renaissance. Русское издание,Pax Renaissance: 2nd edition,2021,false,308119,Pax Renaissance: 2nd Edition,base,tesera-detail-bgg-id,,matched,
75,2273606,bitvy-geroyev-stranstviya,Битвы героев. Странствия,Hero Realms: Journeys,2023,false,400622,Битвы героев: Странствия (Hero Realms: Journeys),expansion,tesera-detail-bgg-id,198994,matched,
76,159005,Terra-Mystica,Терра мистика,Terra Mystica | Земли дивные,2012,false,120677,Terra Mystica,base,tesera-detail-bgg-id,,matched,
77,1831949,tinyepicdungeons,Tiny Epic Dungeons,,2021,false,331787,Tiny Epic Dungeons,base,tesera-detail-bgg-id,,matched,
78,1540710,Tiny-Epic-Dinosaurs,Tiny Epic Dinosaurs,,2020,false,291508,Tiny Epic Dinosaurs,base,tesera-detail-bgg-id,,matched,
79,1807140,terraforming-mars-ares-expedition,Покорение Марса. Экспедиция «Арес»,Terraforming Mars: Ares Expedition,2021,false,328871,Terraforming Mars: Ares Expedition,base,tesera-detail-bgg-id,,matched,
80,2045312,terraforming-mars-ares-expedition-foundations,Покорение Марса. Экспедиция «Арес». Основание,Terraforming Mars: Ares Expedition - Foundations,2022,true,358740,Terraforming Mars: Ares Expedition – Foundations,expansion,tesera-detail-bgg-id,328871,matched,
81,2045310,terraforming-mars-ares-expedition-discovery,Покорение Марса. Экспедиция «Арес». Первооткрыватели,Terraforming Mars: Ares Expedition - Discovery,2022,true,358739,Terraforming Mars: Ares Expedition – Discovery,expansion,tesera-detail-bgg-id,328871,matched,
82,1704479,7-wonders-duel-agora,7 чудес: Дуэль - Агора,7 Wonders Duel: Agora,2020,true,309116,7 Wonders Duel: Agora,expansion,tesera-detail-bgg-id,173346,matched,
83,797615,7-wonders-duel-pantheon,7 чудес: Дуэль - Пантеон,7 Wonders Duel: Pantheon,2016,true,202976,7 Wonders Duel: Pantheon,expansion,tesera-detail-bgg-id,173346,matched,
84,1515440,epic-card-game-duels,Эпик. Дуэльный набор,"Epic Card Game: Duels | Эпик Дуэльный набор, Epic Duels",2021,true,287608,Epic Card Game: Duels,base,tesera-detail-bgg-id,,matched,
85,1754124,cross-clues,Ключевые слова,Cross Clues | Кодовые слова,2020,false,300753,Cross Clues,base,tesera-detail-bgg-id,,matched,
86,746582,aeons-end,Конец вечности,Aeon's End,2016,false,191189,Aeon's End,base,tesera-detail-bgg-id,,matched,
87,1033950,jackal-archipelago,Шакал: Архипелаг,Jackal Archipelago,2017,false,205039,Jackal Archipelago,base,tesera-detail-bgg-id,,matched,
88,106928,Smash-Up,Замес,Smash Up | Разгром,2012,false,122522,Smash Up,base,tesera-detail-bgg-id,,matched,
89,2186009,similo-harry-potter,Similo: Harry Potter,,,false,,,,unresolved,,needs-review,
90,2185736,similo-wild-animals,Similo: Зоопарк,Similo: Wild Animals,2019,false,,,,unresolved,,needs-review,
91,2175473,similo-history,Similo: История,Similo: History,,true,,,,unresolved,,needs-review,
92,2158306,similo-animals,Similo: Животные,Similo: Animals,2022,false,268620,Similo,base,tesera-detail-bgg-id,,matched-canonical-duplicate,Canonical Similo item is uploaded once for all owned decks.
93,1929546,Carcassonne20th,Каркассон: Юбилейное издание,Carcassonne: 20th Anniversary Edition | Каркассон: издание к 20-летию,2021,true,329954,Carcassonne: 20th Anniversary Edition,base,tesera-detail-bgg-id,,matched,
94,280940,munchkin-legends,Munchkin Legends,Легендарный Манчкин,2013,false,144325,Munchkin Legends,base,tesera-detail-bgg-id,,matched,
95,336962,ekivoki,Экивоки,,2013,true,297864,Экивоки,base,tesera-detail-bgg-id,,matched,
96,1031351,sentient,Синдикат,Sentient,2017,false,223855,Sentient,base,tesera-detail-bgg-id,,matched,
97,442670,cash-and-guns-second-edition,Cash 'N Guns 2nd Edition,Ca$h 'N Guns 2nd Edition,2014,true,155362,Ca$h 'n Guns: Second Edition,base,tesera-detail-bgg-id,,matched,
98,800084,cash-n-guns-team-spirit,Ca$h 'N Gun$: Team Spirit,Cash 'N Guns: Team Spirit,2016,false,199240,Ca$h 'n Guns (Second Edition): Team Spirit,expansion,tesera-detail-bgg-id,155362,matched,
99,1741848,cascadia,Каскадия,Cascadia,2021,false,295947,Cascadia,base,tesera-detail-bgg-id,,matched,
100,2156641,sea-salt-paper,"Море, соль, бумага",Sea Salt & Paper,2022,false,367220,Sea Salt & Paper,base,tesera-detail-bgg-id,,matched,
101,2198339,family-Inc,Hit!,Family Inc. | Хит!,2021,false,325382,Family Inc.,base,tesera-detail-bgg-id,,matched,
102,1601984,1paris,Париж,Paris,2020,false,282954,Paris,base,tesera-detail-bgg-id,,matched,
103,1610089,santa-monica,Санта-Моника,Santa Monica,2020,false,298065,Santa Monica,base,tesera-detail-bgg-id,,matched,
104,7690,castle-for-all-seasons,Замок на все времена,"A Castle for All Seasons | A l'ombre des murailles, Il Castello, Im Schutze der Burg, De Koningsburcht, 四季城",2008,false,38386,A Castle for All Seasons,base,tesera-detail-bgg-id,,matched,
105,1289604,Call-to-Adventure,Дорога приключений,Call to Adventure,2018,false,238992,Call to Adventure,base,tesera-detail-bgg-id,,matched,
106,1543737,fossilis,Раскопки,Fossilis,2020,false,280032,Fossilis,base,tesera-detail-bgg-id,,matched,
107,1282470,fallout-new-california,Fallout: Новая Калифорния,Fallout: New California,2018,true,256481,Fallout: New California,expansion,tesera-detail-bgg-id,232918,matched,
108,1901436,imperium-classics,Империи: Классика,Imperium: Classics,2021,false,318184,Imperium: Classics,base,tesera-detail-bgg-id,,matched,
109,1910689,Imperium-Legends,Империи: Легенды,Imperium: Legends,2021,false,318182,Imperium: Legends,base,tesera-detail-bgg-id,,matched,
110,1891709,night-of-the-ninja,Ночь Ниндзя,Night of the Ninja,2021,false,306321,Night of the Ninja,base,tesera-detail-bgg-id,,matched,
111,517466,Badlands,Badlands: Outpost of Humanity,Badlands. Аванпост человечества,2017,false,174231,Badlands: Outpost of Humanity,base,tesera-detail-bgg-id,,matched,
112,978774,maximum-apocalypse,Максимум Апокалипсис,Maximum Apocalypse,2018,false,188547,Maximum Apocalypse,base,tesera-detail-bgg-id,,matched,
113,1545178,maximum-apocalypse-gothic-horrors,Максимум Апокалипсис: Готические ужасы,Maximum Apocalypse: Gothic Horrors,2019,true,244841,Maximum Apocalypse: Gothic Horrors,expansion,tesera-detail-bgg-id,188547,matched,
114,1445381,maximum-apocalypse-jurassic-perils,Максимум Апокалипсис: Юрский период,Maximum Apocalypse: Jurassic Perils,2019,true,249137,Maximum Apocalypse: Jurassic Perils,expansion,tesera-detail-bgg-id,188547,matched,
115,1456057,maximum-apocalypse-bugpocalypse,Максимум Апокалипсис: Жукогеддон,Maximum Apocalypse: The Bugpocalypse,2020,true,311222,Maximum Apocalypse: Bugpocalypse,expansion,tesera-detail-bgg-id,188547,matched,
116,2056586,maximum-apocalypse-kaiju-rising,Максимум Апокалипсис: Кайдзю атакуют!,Maximum Apocalypse: Kaiju Rising,2018,true,244838,Maximum Apocalypse: Kaiju Rising,expansion,tesera-detail-bgg-id,188547,matched,
117,2056847,maksimum-apokalipsis-sudny-den,Максимум Апокалипсис: Судный день,,,false,,,,unresolved,,needs-review,
118,241767,panic-on-wall-street,Panic on Wall Street!,Masters of Commerce,2011,false,104581,Panic on Wall Street!,base,tesera-detail-bgg-id,,matched,
119,2006512,golubyatnya,Голубятня,,,false,,,,unresolved,,needs-review,
120,733719,bitvy-geroyev,Битвы героев,Hero Realms,2016,true,198994,Hero Realms,base,tesera-detail-bgg-id,,matched,
121,1167029,diamant-2016-iello-edition,Диамант,Diamant | Incan Gold (2016 iello edition),2016,false,15512,Diamant,base,tesera-detail-bgg-id,,matched,
122,1251820,black-rose-wars,Войны Чёрной Розы,Black Rose Wars,2018,false,239942,Black Rose Wars,base,tesera-detail-bgg-id,,matched,
123,987389,caverna-cave-vs-cave,Каверна. Пещера на пещеру,Caverna: Cave vs Cave,2017,false,220520,Caverna: Cave vs Cave,base,tesera-detail-bgg-id,,matched,
124,2059891,galaxy-trucker-keep-on-trucking,Космические дальнобойщики: полёт продолжается,Galaxy Trucker: Keep on Trucking,2022,true,360232,Galaxy Trucker: Keep on Trucking,expansion,tesera-detail-bgg-id,336794,matched,
125,1532665,za-bortom-2-izdaniye,За бортом. 2-е издание,Lifeboat,2019,false,477191,Cascadia: Alpine Lakes Pristine Peaks Kickstarter Mini-Expansion,expansion,tesera-detail-bgg-id,,excluded-orphan-expansion,No officially linked owned base game in the BGG collection. No officially linked owned base game in the BGG collection.
126,1691284,za-bortom-dopolneniye-vtoroye-izdaniye,За бортом. Дополнение. Второе издание,,,true,,,,unresolved,,needs-review,
127,2051845,furnace-interbellum,Индустрия. Интербеллум,Furnace: Interbellum,2022,true,363077,Furnace: Interbellum,expansion,tesera-detail-bgg-id,318084,matched,
128,608119,concordia-salsa,Конкордия. Сальса,Concordia: Salsa,2015,true,181084,Concordia: Salsa,expansion,tesera-detail-bgg-id,124361,matched,
129,322235,concordia,Конкордия,Concordia,2013,false,124361,Concordia,base,tesera-detail-bgg-id,,matched,
130,1891772,1galaxy-trucker,Космические дальнобойщики (новое издание),Galaxy Trucker,2021,false,336794,Galaxy Trucker (Second Edition),base,tesera-detail-bgg-id,,matched,
131,1789289,cafe,Кофе,Café,2020,false,284936,Café,base,tesera-detail-bgg-id,,matched,
132,6232,High-Society,Высшее общество,High Society,1995,false,220,High Society,base,tesera-detail-bgg-id,,matched,
133,2052148,bolshaya-brodilka-yeshche-bolshe-priklyucheny,Большая Бродилка: Ещё Больше Приключений,,2022,true,,,,unresolved,,needs-review,
134,1907411,dune-imperium-rise-ix,Дюна: Империя - Расцвет Иксианцев,Dune: Imperium - Rise of Ix,2021,true,342031,Dune: Imperium – Rise of Ix,expansion,tesera-detail-bgg-id,316554,matched,
135,1742724,dune-imperium,Дюна: Империя,Dune: Imperium,2020,false,316554,Dune: Imperium,base,tesera-detail-bgg-id,,matched,
136,1621035,Cubitos,Кубитос,Cubitos,2021,false,298069,Cubitos,base,tesera-detail-bgg-id,,matched,
137,1923665,port-royal-big-box,Порт Ройал: Полное издание,Port Royal: Big Box,2021,false,331265,Port Royal: Big Box,base,tesera-detail-bgg-id,,matched,
138,1583397,La-Cour-des-Miracles,Двор чудес,"La Cour des Miracles, The Court of Miracles",2019,false,270956,The Court of Miracles,base,tesera-detail-bgg-id,,matched,
139,1815108,shchelchok-sudby,Щелчок судьбы,Flick of Faith,2019,false,281194,Flick of Faith,base,tesera-detail-bgg-id,,matched,
140,1890707,winter-queen-mini-expansion-set,Зимняя королева. Набор дополнений,Winter Queen: Mini-expansion set,2021,true,,,,unresolved,,needs-review,
141,688619,blood-rage-5th-player-expansion,Кровь и ярость. Пятый игрок,Blood Rage: 5th Player Expansion,2015,true,174506,Blood Rage: 5th Player Expansion,expansion,tesera-detail-bgg-id,170216,matched,
142,417984,5tribes,Пять племён,Five Tribes,2014,false,157354,Five Tribes: The Djinns of Naqala,base,tesera-detail-bgg-id,,matched,
143,386939,castles-of-mad-king-ludwig,Замки безумного короля Людвига,Castles of Mad King Ludwig,2014,true,155426,Castles of Mad King Ludwig,base,tesera-detail-bgg-id,,matched,
144,805602,exploding-kittens-imploding-kittens,Взрывные котята: Разрывные котята,Exploding Kittens: Imploding Kittens,2016,true,204053,Exploding Kittens: Imploding Kittens,expansion,tesera-detail-bgg-id,172225,matched,
145,1817813,draftosaurus-marina,Драфтозавры: Водные,Draftosaurus: Marina,2020,true,320777,Draftosaurus: Marina,expansion,tesera-detail-bgg-id,264055,matched,
146,1817812,draftosaurus-aerial-show,Драфтозавры: Летающие,Draftosaurus: Aerial Show,2020,true,320778,Draftosaurus: Aerial Show,expansion,tesera-detail-bgg-id,264055,matched,
147,361565,la-cosa-nostra,Коза Ностра,La Cosa Nostra,2014,false,151771,La Cosa Nostra,base,tesera-detail-bgg-id,,matched,
148,1903649,lost-ruins-arnak-expedition-leaders,Руины острова Арнак: Лидеры экспедиции,Lost Ruins of Arnak: Expedition Leaders,2021,true,341254,Lost Ruins of Arnak: Expedition Leaders,expansion,tesera-detail-bgg-id,312484,matched,
149,1383214,Die-Tavernen-im-Tiefen-Thal,Таверны Тифенталя,The Taverns of Tiefenthal | Die Tavernen im Tiefen Thal,2019,false,269207,The Taverns of Tiefenthal,base,tesera-detail-bgg-id,,matched,
150,860336,not-alone,Чужая планета,Not Alone,2016,false,194879,Not Alone,base,tesera-detail-bgg-id,,matched,
151,1046209,Exploration,Чужая планета. Новые горизонты,Not Alone: Exploration,2017,true,222738,Not Alone: Exploration,expansion,tesera-detail-bgg-id,194879,matched,
152,1704843,not-alone-sanctuary,Чужая планета. Убежище,Not Alone: Sanctuary,2020,true,222739,Not Alone: Sanctuary,expansion,tesera-detail-bgg-id,194879,matched,
153,501828,tinyepicgalaxies,Крошечные Эпические Галактики,Tiny Epic Galaxies,2015,false,163967,Tiny Epic Galaxies,base,tesera-detail-bgg-id,,matched,
154,363641,tiny-epic-kingdoms,Крошечные Эпические Королевства,Tiny Epic Kingdoms,2014,false,148951,Tiny Epic Kingdoms,base,tesera-detail-bgg-id,,matched,
155,1265875,black-sonata,Чёрная соната,Black Sonata,2017,false,231218,Black Sonata,base,tesera-detail-bgg-id,,matched,
156,1969265,similo-myths,Similo: Мифы,Similo: Myths,2022,false,268620,Similo,base,manual-bgg-review,,matched-canonical-upload,Invalid Tesera value 5179628 corrected to canonical Similo BGG item.
157,1623429,fallout-atomic-bonds,Fallout: Атомные узы,Fallout: Atomic Bonds,2020,true,,,,unresolved,,needs-review,
158,276440,Bang-The-Dice-Game,Бэнг! За пригоршню кубиков,Bang! The Dice Game,2013,false,143741,BANG! The Dice Game,base,tesera-detail-bgg-id,,matched,
159,413707,Machi-Koro-Sharp,Мачи Коро Шарп,Machi Koro Sharp,2014,true,160154,Machi Koro: Millionaire's Row,expansion,tesera-detail-bgg-id,143884,matched,
160,328575,machi-koro,Мачи Коро,"Machi Koro | 街コロ, METROPOLIA, Minivilles",2012,false,143884,Machi Koro,base,tesera-detail-bgg-id,,matched,
161,1760369,paleo,Палео,Paleo,2020,false,300531,Paleo,base,tesera-detail-bgg-id,,matched,
162,1910902,paleo-ein-neuer-anfang,Палео: Новое начало,"Paleo: Ein Neuer Anfang, Paleo: A New Beginning",2021,true,342501,Paleo: A New Beginning,expansion,tesera-detail-bgg-id,300531,matched,
163,1863132,paleo-der-initiationsritus,Палео: Обряд посвящения,"Paleo: Der Initiationsritus, Paleo: Rites d'initiation",2021,true,334338,Paleo: The Initiation Rite,expansion,tesera-detail-bgg-id,300531,matched,
164,1832341,paleo-uzhasnye-pticy,Палео: Ужасные птицы,"Paleo: Die Terrorvögel, Paleo: Les oiseaux-terreur, Paleo: Las aves del terror",2020,true,323392,Paleo: The Terror Birds,expansion,tesera-detail-bgg-id,300531,matched,
165,1957907,liga-detektivov,Лига детективов,Dubious,2021,false,,,,unresolved,,needs-review,
166,1483888,neptun-i-vesta,Нептун и Веста,Cthulhu Rising,2008,false,37349,Cthulhu Rising,base,tesera-detail-bgg-id,,matched,
167,1786301,ultimatum-sindikata,Ультиматум Синдиката,,2021,false,353209,Ультиматум Синдиката,base,tesera-detail-bgg-id,,matched,
168,416,pandemic,Пандемия,Pandemic,2008,false,30549,Pandemic,base,tesera-detail-bgg-id,,matched,
169,6441,Biblios,Аббатство,Biblios | Scripts and Scribes,2007,false,34219,Biblios,base,tesera-detail-bgg-id,,matched,
170,1742973,cerberus-treasures-of-the-underworld,Цербер. Сокровища преисподней,Cerberus: Treasures of the Underworld,2020,true,319324,Cerberus: Treasures of the Underworld,expansion,tesera-detail-bgg-id,256918,matched,
171,1892869,shiftingstones,Тайные камни,Shifting Stones,2020,false,302280,Shifting Stones,base,tesera-detail-bgg-id,,matched,
172,1334235,just-one,Намёк понял,Just One,2018,false,254640,Just One,base,tesera-detail-bgg-id,,matched,
173,2025110,similo-skazki,Similo: Сказки,Similo: Fables,2021,false,,,,unresolved,,needs-review,
174,1946898,similo-strashilki,Similo: Страшилки,Similo: Spookies,2021,false,268620,Similo,base,tesera-detail-bgg-id,,matched-canonical-duplicate,Canonical Similo item is uploaded once for all owned decks.
175,854500,flamme-rouge,Крути педали,Flamme Rouge,2016,false,199478,Flamme Rouge,base,tesera-detail-bgg-id,,matched,
176,1496123,barrage-leeghwater-project,Плотина: Проект «Легватер»,Barrage: The Leeghwater Project,2019,true,263711,Barrage: The Leeghwater Project,expansion,tesera-detail-bgg-id,251247,matched,
177,1689487,barrage-5-player-expansion,Плотина: Пятый игрок,Barrage: 5-Player Expansion,2020,true,304453,Barrage: 5th Player Expansion,expansion,tesera-detail-bgg-id,251247,matched,
178,1867280,dice-forge-rebellion,Грани судьбы: Восстание,Dice Forge: Rebellion,2019,true,258003,Dice Forge: Rebellion,expansion,tesera-detail-bgg-id,194594,matched,
179,1063856,fallout-boardgame,Fallout. Настольная игра,Fallout: The Board Game,2017,false,232918,Fallout,base,tesera-detail-bgg-id,,matched,
180,8509,small-world-necromancer-island,Small World: Necromancer Island,"Small World : L'Île du Nécromant, Small World: Die Insel des Geisterbeschwörers",2010,true,84183,Small World: Necromancer Island,expansion,tesera-detail-bgg-id,40692;97786,matched,
181,1198338,small-world-power-pack-1,Маленький мир: Коллекция дополнений №1,Small World: Power Pack 1,2017,true,241991,Small World: Power Pack 1,expansion,tesera-detail-bgg-id,40692;97786,matched,
182,1198348,small-world-power-pack-2,Маленький мир: Коллекция дополнений №2,Small World: Power Pack 2,2017,true,241989,Small World: Power Pack 2,expansion,tesera-detail-bgg-id,40692;97786,matched,
183,1655825,hansa-teutonica-big-box,Ганзейский союз: Полное издание,Hansa Teutonica: Big Box,2021,false,286749,Hansa Teutonica: Big Box,base,tesera-detail-bgg-id,,matched,
184,445087,alchemists,Алхимики,Alchemists,2014,false,161970,Alchemists,base,tesera-detail-bgg-id,,matched,
185,1906441,kingdomino-origins,Лоскутное королевство: Истоки,Kingdomino Origins,2021,false,340041,Kingdomino Origins,base,tesera-detail-bgg-id,,matched,
186,824784,kingdomino,Лоскутное королевство,Kingdomino,2016,false,204583,Kingdomino,base,tesera-detail-bgg-id,,matched,
187,1469912,Kingdomino-Duel,Лоскутное королевство: Дуэль гербов,Kingdomino Duel,2019,false,281960,Kingdomino Duel,base,tesera-detail-bgg-id,,matched,
188,1548884,nova-luna,Новолуние,Nova Luna,2019,false,284435,Nova Luna,base,tesera-detail-bgg-id,,matched,
189,1254361,die-quacksalber-von-quedlinburg,Шарлатаны из Кведлинбурга,The Quacks of Quedlinburg | Die Quacksalber von Quedlinburg,2018,false,244521,Quacks,base,tesera-detail-bgg-id,,matched,
190,1435650,the-quacks-of-quedlinburg-the-herb-witches,Шарлатаны из Кведлинбурга: Ведьмы-травницы,Die Quacksalber von Quedlinburg: Die Kräuterhexen | The Quacks of Quedlinburg: The Herb Witches,2019,true,269259,The Quacks of Quedlinburg: The Herb Witches,expansion,tesera-detail-bgg-id,244521,matched,
191,1722976,die-quacksalber-von-quedlinburg-die-alchemisten,Шарлатаны из Кведлинбурга: Алхимики,The Quacks of Quedlinburg: The Alchemists | Die Quacksalber von Quedlinburg: Die Alchemisten,2020,true,316597,The Quacks of Quedlinburg: The Alchemists,expansion,tesera-detail-bgg-id,244521,matched,
192,1110719,architects-of-the-west-kingdom,Архитекторы западного королевства,Architects of the West Kingdom,2018,false,236457,Architects of the West Kingdom,base,tesera-detail-bgg-id,,matched,
193,1499317,architects-of-the-west-kingdom-age-of-artisans,Архитекторы западного королевства: Эпоха мастеров,Architects of the West Kingdom: Age of Artisans,2020,true,285235,Architects of the West Kingdom: Age of Artisans,expansion,tesera-detail-bgg-id,236457,matched,
194,1362870,paladins-of-the-west-kingdom,Паладины Западного Королевства,Paladins of the West Kingdom,2019,false,266810,Paladins of the West Kingdom,base,tesera-detail-bgg-id,,matched,
195,1580231,Viscounts,Виконты западного королевства,Viscounts of the West Kingdom,2020,false,296151,Viscounts of the West Kingdom,base,tesera-detail-bgg-id,,matched,
196,1187036,teotihuacan-city-of-gods,Теотиуакан. Город Богов,Teotihuacan: City of Gods,2018,false,229853,Teotihuacan: City of Gods,base,tesera-detail-bgg-id,,matched,
197,1726863,teotihuacan-expansion-period,Теотиуакан. Эра расширения,Teotihuacan: Expansion Period,2021,true,316777,Teotihuacan: Expansion Period,expansion,tesera-detail-bgg-id,229853,matched,
198,1554826,teotihuacan-shadow-of-xitle,Теотиуакан. Тень Шитле,Teotihuacan: Shadow of Xitle,2020,true,293473,Teotihuacan: Shadow of Xitle,expansion,tesera-detail-bgg-id,229853,matched,
199,1400032,teotihuacan-late-preclassic-period,Теотиуакан. Поздняя предклассическая эра,Teotihuacan: Late Preclassic Period,2019,true,270364,Teotihuacan: Late Preclassic Period,expansion,tesera-detail-bgg-id,229853,matched,
200,77369,seasons,Сезоны,Seasons,2012,false,108745,Seasons,base,tesera-detail-bgg-id,,matched,
201,189061,seasons-enchanted-kingdom,Сезоны. Заколдованное королевство,Seasons: Enchanted Kingdom,2013,true,136233,Seasons: Enchanted Kingdom,expansion,tesera-detail-bgg-id,108745,matched,
202,328615,seasons-path-of-destiny,Сезоны. Дорога судьбы,Seasons: Path of Destiny,2014,true,148166,Seasons: Path of Destiny,expansion,tesera-detail-bgg-id,108745,matched,
203,1441765,gow-cardgame,Бог войны. Карточная игра,God of War: The Card Game,2019,false,278120,God of War: The Card Game,base,tesera-detail-bgg-id,,matched,
204,1352213,wingspan,Крылья,Wingspan,2019,false,266192,Wingspan,base,tesera-detail-bgg-id,,matched,
205,1535523,Wingspan-European-Expansion,Крылья: Птицы Европы,Wingspan: European Expansion,2019,true,290448,Wingspan: European Expansion,expansion,tesera-detail-bgg-id,266192,matched,
206,1600842,wingspan-oceania-expansion,Крылья: Птицы Океании,Wingspan: Oceania expansion,2020,true,300580,Wingspan: Oceania Expansion,expansion,tesera-detail-bgg-id,266192,matched,
207,533697,roll-for-the-galaxy-ambition,Кубарем по Галактике. Амбиции,Roll for the Galaxy: Ambition,2015,true,175754,Roll for the Galaxy: Ambition,expansion,tesera-detail-bgg-id,132531,matched,
208,1790082,last-aurora-project-athena,Погоня за «Авророй»: Проект «Афина»,Last Aurora: Project Athena,2020,true,,,,unresolved,,needs-review,
209,1700184,last-aurora,Погоня за «Авророй»,Last Aurora,2020,false,274450,Last Aurora,base,tesera-detail-bgg-id,,matched,
210,1837833,v-pogone-za-avroroy-nabor-promokart-mutanty,В погоне за «Авророй»: набор промокарт «Мутанты»,В погоне за Авророй: набор промокарт Мутанты,,true,,,,unresolved,,needs-review,
211,1121739,Spirit-Island-Branch-and-Claw,Остров духов. Ветви и когти,Spirit Island: Branch & Claw,2017,true,193065,Spirit Island: Branch & Claw,expansion,tesera-detail-bgg-id,162886,matched,
212,304,le-havre,Гавр,Le Havre,2008,false,35677,Le Havre,base,tesera-detail-bgg-id,,matched,
213,1341975,pax-pamir-second-edition,Pax Pamir. Большая игра,Pax Pamir: Second Edition,2019,false,256960,Pax Pamir: Second Edition,base,tesera-detail-bgg-id,,matched,
214,1549660,king-of-tokyo-dark-edition,Повелитель Токио: Темное Издание,King of Tokyo: Dark Edition,2020,true,293141,King of Tokyo: Dark Edition,base,tesera-detail-bgg-id,,matched,
215,969547,brass-birmingham,Brass: Бирмингем,Brass: Birmingham | Брасс Бирмингем,2018,false,224517,Brass: Birmingham,base,tesera-detail-bgg-id,,matched,
216,1100848,london-second-edition,Лондон. Вторая редакция,London (Second Edition),2017,false,236191,London (Second Edition),base,tesera-detail-bgg-id,,matched,
217,538478,raiders-of-the-north-sea,Завоеватели Северного моря,Raiders of the North Sea | Викинги,2015,false,170042,Raiders of the North Sea,base,tesera-detail-bgg-id,,matched,
218,1778597,warchest-siege,Сундук войны. Осада,War Chest: Siege,2021,true,324656,War Chest: Siege,expansion,tesera-detail-bgg-id,249259,matched,
219,1632204,warchest-nobility,Сундук войны. Дворянство,War Chest: Nobility,2019,true,284444,War Chest: Nobility,expansion,tesera-detail-bgg-id,249259,matched,
220,1265169,warchest,Сундук войны,War Chest,2018,true,249259,War Chest,base,tesera-detail-bgg-id,,matched,
221,1777455,bunker3,Бункер 3.x,Bunker,2020,false,364760,Bunker,base,tesera-detail-bgg-id,,matched,
222,604545,gloomhaven,Мрачная гавань,Gloomhaven,2017,false,174430,Gloomhaven,base,tesera-detail-bgg-id,,matched,
223,480450,blood-rage,Кровь и ярость,Blood Rage,2015,false,170216,Blood Rage,base,tesera-detail-bgg-id,,matched,
224,70309,Bang-Gold-Rush,Бэнг! Золотая лихорадка,Bang! Gold Rush,2012,true,107794,BANG! Gold Rush,expansion,tesera-detail-bgg-id,3955,matched,
225,2496,dominion,Доминион,Dominion | Господство,2008,false,36218,Dominion,base,tesera-detail-bgg-id,,matched,
226,1067166,bronze,Бронза,Bronze,2017,false,230746,Bronze,base,tesera-detail-bgg-id,,matched,
227,1899913,res-arcana-perlae-imperii,Res Arcana: Жемчужная Империя,Res Arcana: Perlae Imperii,2021,true,340375,Res Arcana: Perlae Imperii,expansion,tesera-detail-bgg-id,262712,matched,
228,1528503,res-arcana-lux-et-tenebrae,Res Arcana: Свет и Тьма,Res Arcana: Lux et Tenebrae,2019,true,288168,Res Arcana: Lux et Tenebrae,expansion,tesera-detail-bgg-id,262712,matched,
229,780023,scythe-invaders-from-afar,Серп. Захватчики из далеких земель,Scythe: Invaders from Afar,2016,true,199727,Scythe: Invaders from Afar,expansion,tesera-detail-bgg-id,169786,matched,
230,1613774,Winter-Queen,Зимняя королева,Winter Queen,2020,false,298309,Winter Queen,base,tesera-detail-bgg-id,,matched,
231,303567,kolonizatory-morekhody,Колонизаторы. Мореходы. Расширение для 5-6 игроков,,2013,true,,,,unresolved,,needs-review,
232,1179589,spirit-island-heart-of-the-wildfire-serpent-slumbering-beneath,"Остров духов: Промо-духи ""Сердце дикого огня"" и ""Дремлющий под Островом Змей""",Spirit Island: Heart of the Wildfire & Serpent Slumbering Beneath the Island Promo Spirits,2017,true,232394,Spirit Island: Promo Pack 1,expansion,tesera-detail-bgg-id,162886,matched,
233,1235114,space-base,Космобаза,Space Base,2018,false,242302,Space Base,base,tesera-detail-bgg-id,,matched,
234,1673130,smallworldofwarcraft,Small World of Warcraft,Маленький мир Варкрафта,2020,false,309630,Small World of Warcraft,base,tesera-detail-bgg-id,,matched,
235,1065771,twilight-imperium-fourth-edition,Сумерки империи. Четвёртая редакция,Twilight Imperium 4th Edition | Twilight Imperium Fourth Edition,2017,false,233078,Twilight Imperium: Fourth Edition,base,tesera-detail-bgg-id,,matched,
236,1717322,twilight-imperium-fourth-edition-prophecy-of-kings,Сумерки империи. Четвёртая редакция: Пророчество королей,Twilight Imperium (Fourth Edition): Prophecy of Kings,2020,true,315895,Twilight Imperium: Fourth Edition – Prophecy of Kings,expansion,tesera-detail-bgg-id,233078,matched,
237,1731710,furnace,Индустрия,Furnace,2020,false,318084,Furnace,base,tesera-detail-bgg-id,,matched,
238,715945,bolshaya-brodilka,Большая бродилка,Big Adventure,2019,false,307534,Crazy Adventures,base,tesera-detail-bgg-id,,matched,
239,751634,Dream-Home,Домик,Domek | Dream Home,2016,false,194880,Dream Home,base,tesera-detail-bgg-id,,matched,
240,1436036,Draftosaurus,Драфтозавры,Draftosaurus,2019,false,264055,Draftosaurus,base,tesera-detail-bgg-id,,matched,
241,3452,cyclades,Киклады,Cyclades,2009,false,54998,Cyclades,base,tesera-detail-bgg-id,,matched,
242,370477,cyclades-titans,Киклады. Титаны,Cyclades: Titans,2014,true,155820,Cyclades: Titans,expansion,tesera-detail-bgg-id,54998,matched,
243,36098,cyclades-hades,Киклады. Аид,Cyclades: Hades,2011,true,96778,Cyclades: Hades,expansion,tesera-detail-bgg-id,54998,matched,
244,739793,cyclades-monuments,Киклады. Монументы,Cyclades: Monuments,2016,true,193215,Cyclades: Monuments,expansion,tesera-detail-bgg-id,54998,matched,
245,1295372,barrage,Плотина,Barrage,2019,false,251247,Barrage,base,tesera-detail-bgg-id,,matched,
246,1675145,chai-high-tea,Chai: High Tea,,2020,true,309251,Chai: High Tea,expansion,tesera-detail-bgg-id,253185,matched,
247,1355715,chai,Чай,Chai,2019,false,253185,Chai,base,tesera-detail-bgg-id,,matched,
248,1162496,scythe-the-rise-of-fenris,Серп. Восхождение Фенриса,Scythe: The Rise of Fenris,2018,true,242277,Scythe: The Rise of Fenris,expansion,tesera-detail-bgg-id,169786,matched,
249,464568,patchwork,Пэчворк,Patchwork,2014,false,163412,Patchwork,base,tesera-detail-bgg-id,,matched,
250,614957,spirit-island,Остров духов,Spirit Island,2017,false,162886,Spirit Island,base,tesera-detail-bgg-id,,matched,
251,1217193,terraforming-mars-prelude,Покорение Марса: Пролог,Terraforming Mars: Prelude,2018,true,247030,Terraforming Mars: Prelude,expansion,tesera-detail-bgg-id,167791,matched,
252,914592,terraforming-mars-hellas-elysium,Покорение Марса: Эллада и Элизий,Terraforming Mars: Hellas & Elysium,2017,true,218127,Terraforming Mars: Hellas & Elysium,expansion,tesera-detail-bgg-id,167791,matched,
253,1787717,splendor-marvel,Splendor Marvel,,2020,false,293296,Splendor: Marvel,base,tesera-detail-bgg-id,,matched,
254,1483877,sumerki-venezii,Сумерки Венеции,Times Square | Auf der Reeperbahn nachts um halb zwei,2019,false,22245,Royal Visit,base,tesera-detail-bgg-id,,matched,
255,30316,catan-traders-barbarians-5-6-player-extension,Колонизаторы. Купцы и варвары. Расширение для 5-6 игроков,The Settlers of Catan: Traders & Barbarians - 5-6 Player Extension | Catan: Traders & Barbarians - 5-6 Player Extension,2008,true,34691,Catan: Traders & Barbarians – 5-6 Player Expansion,expansion,tesera-detail-bgg-id,,excluded-orphan-expansion,No officially linked owned base game in the BGG collection. No officially linked owned base game in the BGG collection.
256,505320,Above-and-Below,Выше и ниже,Above and Below,2015,false,172818,Above and Below,base,tesera-detail-bgg-id,,matched,
257,1393734,imperial-settlers-empires-of-the-north,Поселенцы. Северные Империи,Imperial Settlers: Empires of the North,2019,true,270844,Imperial Settlers: Empires of the North,base,tesera-detail-bgg-id,,matched,
258,1534796,Zona,Зона: Тайны Чернобыля,Zona: The Secret of Chernobyl | Zona: Sekret Czarnobyla,2019,false,209671,Zona: The Secret of Chernobyl,base,tesera-detail-bgg-id,,matched,
259,606069,star-realms-colony-wars,Звёздные империи: Колониальные войны,Star Realms: Colony Wars,2015,true,182631,Star Realms: Colony Wars,base,tesera-detail-bgg-id,,matched,
260,700231,51st-State-Master-Set,51-й штат. Полный набор,51st State: Master Set | 51 штат,2016,false,192458,51st State: Master Set,base,tesera-detail-bgg-id,,matched,
261,1332474,Res-Arcana,Res Arcana,Рес Аркана,2019,false,262712,Res Arcana,base,tesera-detail-bgg-id,,matched,
262,1725556,lost-ruins-arnak,Руины острова Арнак,Lost Ruins of Arnak,2020,true,312484,Lost Ruins of Arnak,base,tesera-detail-bgg-id,,matched,
263,1047903,star-realms-frontiers,Звёздные империи: Фронтир,Star Realms: Frontiers,2018,false,230253,Star Realms: Frontiers,base,tesera-detail-bgg-id,,matched,
264,1908795,star-realms-united,Звёздные империи: Альянс,Star Realms: United,2016,true,,,,unresolved,,needs-review,
265,39544,small-world-underground,Маленький мир: Подземный мир,Small World Underground,2011,false,97786,Small World Underground,base,tesera-detail-bgg-id,,matched,
266,333431,King-of-New-York,Повелитель Нью-Йорка,King of New York,2014,false,160499,King of New York,base,tesera-detail-bgg-id,,matched,
267,716078,King-of-New-York-Power-Up,Повелитель Нью-Йорка: Подзарядка!,King of New York: Power Up!,2016,true,193320,King of New York: Power Up!,expansion,tesera-detail-bgg-id,160499,matched,
268,151377,King-of-Tokyo-Power-Up,Повелитель Токио: Подзарядка!,King of Tokyo: Power Up!,2012,true,127067,King of Tokyo: Power Up!,expansion,tesera-detail-bgg-id,,excluded-orphan-expansion,No officially linked owned base game in the BGG collection. No officially linked owned base game in the BGG collection.
269,103323,robinson-crusoe-adventures-cursed-island,Робинзон Крузо: Приключения на таинственном острове. Вторая редакция,Robinson Crusoe: Adventures on the Cursed Island,2016,false,121921,Robinson Crusoe: Adventures on the Cursed Island,base,tesera-detail-bgg-id,,matched,
270,925548,dice-forge,Грани судьбы,Dice Forge,2017,false,194594,Dice Forge,base,tesera-detail-bgg-id,,matched,
271,1200093,this-war-of-mine-this-war-of-mine-tales-from-the-ruined-city,Это моя война. Истории осаждённого города,This War of Mine: Tales from the Ruined City | This War of Mine: Opowieści ze zniszczonego miasta,2018,true,247665,This War of Mine: Tales from the Ruined City,expansion,tesera-detail-bgg-id,188920,matched,
272,649620,this-war-of-mine-the-board-game,Это моя война,This War of Mine: The Board Game | This War of Mine: Gra planszowa,2017,false,188920,This War of Mine: The Board Game,base,tesera-detail-bgg-id,,matched,
273,602585,through-ages-new-story-civilization,Сквозь века: Новая история цивилизации,Through the Ages: A New Story of Civilization,2015,false,182028,Through the Ages: A New Story of Civilization,base,tesera-detail-bgg-id,,matched,
274,1481497,through-ages-new-leaders-and-wonders,Сквозь века: Новая история цивилизации - Новые лидеры и чудеса,Through the Ages: New Leaders and Wonders,2019,true,280833,Through the Ages: New Leaders and Wonders,expansion,tesera-detail-bgg-id,182028,matched,
275,1324726,Cerberus,Цербер,"Cerberus | Cerbero, Cerbere",2018,false,256918,Cerberus,base,tesera-detail-bgg-id,,matched,
276,2726,Dixit-2,Диксит 2: Открытие (2010),Dixit 2,2010,true,55660,Dixit: Quest,expansion,tesera-detail-bgg-id,39856,matched,
277,2706,dixit,Диксит,Dixit,2008,false,39856,Dixit,base,tesera-detail-bgg-id,,matched,
278,1489759,korova-006-yubileynoye-izdaniye,Корова 006. Юбилейное издание,,2019,false,268586,6 nimmt! 25 Jahre,base,tesera-detail-bgg-id,,matched,
279,1606077,The-Isle-of-Cats-Late-Arrivals,Остров Кошек. Долгожданные гости,The Isle of Cats: Late Arrivals | Острів котів: Запізнілі гості,2020,true,287361,The Isle of Cats: Late Arrivals,expansion,tesera-detail-bgg-id,281259,matched,
280,1474207,The-Isle-of-Cats,Остров кошек,The Isle of Cats | Острів котів,2020,false,281259,The Isle of Cats,base,tesera-detail-bgg-id,,matched,
281,563105,7-wonders-duel,7 чудес: Дуэль,7 Wonders Duel,2015,false,173346,7 Wonders Duel,base,tesera-detail-bgg-id,,matched,
282,72611,7-Wonders-Cities,7 Wonders: Cities,7 чудес: Города,2012,true,111661,7 Wonders: Cities,expansion,tesera-detail-bgg-id,68448,matched,
283,25932,7-wonders-leaders,7 Wonders: Leaders,7 чудес: Лидеры,2011,true,92539,7 Wonders: Leaders,expansion,tesera-detail-bgg-id,68448,matched,
284,3624,7-wonders,7 чудес,7 Wonders,2010,false,68448,7 Wonders,base,tesera-detail-bgg-id,,matched,
285,2028,cheesy-gonzola,Сырный замок: Шустрый Гонзола,Cheesy Gonzola,2008,true,35339,Cheesy Gonzola,expansion,tesera-detail-bgg-id,28089,matched,
286,769308,deep-sea-adventure,Предельное погружение,"Deep Sea Adventure | 海底探険, Tiefseeabenteuer",2014,false,169654,Deep Sea Adventure,base,tesera-detail-bgg-id,,matched,
287,1039562,serp-komplekt-promokart-1-18-kart,Серп. Комплект промокарт №1 (18 карт),Scythe: Boomstarter Promo Pack,2017,true,,,,unresolved,,needs-review,
288,1340848,valhalla,Вальхалла,Valhalla,2018,false,237211,Valhalla,base,tesera-detail-bgg-id,,matched,
289,1174870,unstable-unicorns,Неудержимые единорожки,Unstable Unicorns,2017,false,234190,Unstable Unicorns,base,tesera-detail-bgg-id,,matched,
290,694,ticket-to-ride,Ticket to Ride,"Билет на поезд | Zug um Zug, Les Aventuriers du Rail, ¡Aventureros al tren!, Menolippu",2004,false,9209,Ticket to Ride,base,tesera-detail-bgg-id,,matched,
291,430689,Master-of-orion,Master of Orion: Настольная игра,Master of Orion: The Board Game | Master of Orion,2016,false,193322,Master of Orion: The Board Game,base,tesera-detail-bgg-id,,matched,
292,181455,roll-for-the-galaxy,Кубарем по Галактике,Roll for the Galaxy,2014,false,132531,Roll for the Galaxy,base,tesera-detail-bgg-id,,matched,
293,662706,star-realms-deluxe-edition,Звездные империи. Подарочное издание,,2015,false,216123,Звёздные империи. Подарочное издание (Star Realms. Gift Edition),base,tesera-detail-bgg-id,,matched,
294,526664,terraforming-mars,Покорение Марса,Terraforming Mars,2016,false,167791,Terraforming Mars,base,tesera-detail-bgg-id,,matched,
295,471170,orleans,Орлеан,Orléans,2014,true,164928,Orléans,base,tesera-detail-bgg-id,,matched,
296,831506,orleans-trade-intrigue,Орлеан: Торговля и интриги,Orléans: Trade & Intrigue,2016,true,204814,Orléans: Trade & Intrigue,expansion,tesera-detail-bgg-id,164928,matched,
297,478961,scythe,Серп,Scythe,2016,false,169786,Scythe,base,tesera-detail-bgg-id,,matched,
298,1186044,kingdomino-age-of-giants,Лоскутное королевство: Век великанов,Kingdomino: Age of Giants,2018,true,240909,Kingdomino: Age of Giants,expansion,tesera-detail-bgg-id,204583;232043,matched,
299,54636,a-game-of-thrones-the-board-game-second-edition,Игра Престолов. Второе издание,A Game of Thrones: The Board Game (Second Edition) | Игра Престолов,2011,false,103343,A Game of Thrones: The Board Game (Second Edition),base,tesera-detail-bgg-id,,matched,
300,1291500,mother-of-dragons,Игра Престолов: Мать драконов,A Game of Thrones: The Board Game - Mother of Dragons,2018,true,257496,A Game of Thrones: The Board Game (Second Edition) – Mother of Dragons,expansion,tesera-detail-bgg-id,103343,matched,
301,232282,AGoTSE-ADwDE,Игра престолов. Второе издание. Танец с драконами,A Game of Thrones: The Board Game (Second Edition) - A Dance with Dragons Expansion,2012,true,124693,A Game of Thrones: The Board Game (Second Edition) – A Dance with Dragons,expansion,tesera-detail-bgg-id,103343,matched,
302,273074,a-game-of-thrones-the-board-game-second-edition-a-feast-for,Игра престолов. Второе издание. Пир воронов,A Game of Thrones: The Board Game (Second Edition) - A Feast for Crows Expansion,2013,true,140261,A Game of Thrones: The Board Game (Second Edition) – A Feast for Crows,expansion,tesera-detail-bgg-id,103343,matched,
303,1059964,queendomino,Лоскутная империя,Queendomino,2017,false,232043,Queendomino,base,tesera-detail-bgg-id,,matched,
304,854438,Hanamikoji,Путь лепестка,Hanamikoji | Hanamikoji,2017,false,158600,Hanamikoji,base,tesera-detail-bgg-id,,matched,
305,12,catan-cities-knights,Колонизаторы: Города и рыцари. Четвёртое издание,Catan: Cities & Knights,1998,true,926,Catan: Cities & Knights,expansion,tesera-detail-bgg-id,,excluded-orphan-expansion,No officially linked owned base game in the BGG collection. No officially linked owned base game in the BGG collection.
306,24270,the-struggle-for-catan,Колонизаторы. Быстрая карточная игра,The Struggle for Catan | Die Siedler von Catan: Das schnelle Kartenspiel,2011,false,91534,Struggle for Catan,base,tesera-detail-bgg-id,,matched,
307,278477,Eight-Minute-Empire-Legends,Восьмиминутная империя: Легенды,Eight-Minute Empire: Legends,2013,true,142326,Eight-Minute Empire: Legends,base,tesera-detail-bgg-id,,matched,
308,178557,Eight-Minute-Empire,Восьмиминутная империя,Eight-Minute Empire,2013,false,131366,Eight-Minute Empire,base,tesera-detail-bgg-id,,matched,
309,1167261,everdell,Эверделл,Everdell,2018,true,199792,Everdell,base,tesera-detail-bgg-id,,matched,
310,1396932,Cartographers-A-Roll-Player-Tale,Картографы,Cartographers: A Roll Player Tale,2019,false,263918,Cartographers,base,tesera-detail-bgg-id,,matched,
311,4961,small-world-tales-and-legends,Small World: Tales and Legends,,2010,true,71818,Small World: Tales and Legends,expansion,tesera-detail-bgg-id,40692;97786,matched,
312,2386,small-world,Маленький мир,Small World,2009,true,40692,Small World,base,tesera-detail-bgg-id,,matched,
313,530353,Red7,Red7,Красная семёрка | Red 7,2014,false,161417,Red7,base,tesera-detail-bgg-id,,matched,
314,875615,ostrov-sokrovishh,Остров сокровищ,,2016,false,,,,unresolved,,needs-review,
315,1307776,Gold-Fever,Жадюги,Gold Fever,2017,false,234120,Gold Fever,base,tesera-detail-bgg-id,,matched,
316,829265,Outfoxed,Коварный Лис. Дело о пропавшем пироге,Outfoxed! | Verfuxt,2015,false,172931,Outfoxed!,base,tesera-detail-bgg-id,,matched,
317,2027,the-castle-of-appenzell,Сырный замок,"Burg Appenzell | Chateau Roquefort, The Castle of Appenzell",2007,false,28089,Château Roquefort,base,tesera-detail-bgg-id,,matched,
318,1662400,catan-25th-anniversary-edition,Колонизаторы. Юбилейное издание,Catan: 25th Anniversary Edition,2020,false,305668,Catan: 25th Anniversary Edition,base,tesera-detail-bgg-id,,matched,
319,30290,catan-5-6-player-extension,Колонизаторы. Расширение для 5-6 игроков,"The Settlers of Catan: 5-6 Player Extension | Catan: 5-6 Player Extension, Die Siedler von Catan Ergänzungs-Set für 5 und 6 Spieler",1996,true,2807,Catan: 5-6 Player Expansion,expansion,tesera-detail-bgg-id,,excluded-orphan-expansion,No officially linked owned base game in the BGG collection. No officially linked owned base game in the BGG collection.
320,810155,Citadels-2016,Цитадели Делюкс,Citadels Deluxe,2016,false,205398,Citadels,base,tesera-detail-bgg-id,,matched,
321,5544,ticket-ride-europa-1912,Билет на поезд: Европа - 1912,Ticket to Ride: Europa 1912,2009,true,53383,Ticket to Ride: Europa 1912,expansion,tesera-detail-bgg-id,9209;14996,matched,
322,1700,ticket-ride-europe,Билет на поезд: Европа,Ticket to Ride: Europe,2005,true,14996,Ticket to Ride: Europe,base,tesera-detail-bgg-id,,matched,
323,17075,koronacija,Коронация,,2010,false,94683,Coronation,base,tesera-detail-bgg-id,,matched,
324,431988,bitva-polov,Битва полов,,2014,false,,,,unresolved,,needs-review,
325,868839,evolution-plantarum,Эволюция. Растения,Evolution. Plantarum,2016,true,,,,unresolved,,needs-review,
326,4070,evolutsiya,Эволюция,Evolution: The origin of species,2010,true,71021,Evolution: The Origin of Species,base,tesera-detail-bgg-id,,matched,
327,596758,Gwent,Гвинт,Gwent,2015,false,178147,Gwent: Monsters and Scoia'tael,base,tesera-detail-bgg-id,,matched,
328,791129,codnames-pictures,Кодовые имена. Картинки,Codenames: Pictures,2016,false,198773,Codenames: Pictures,base,tesera-detail-bgg-id,,matched,
329,1709,taboo,Табу,Taboo | Tabu,1989,false,1111,Taboo,base,tesera-detail-bgg-id,,matched,
330,4966,bang,Бэнг!,"Bang! | Бах!, A vadnyugat játéka!, Wanted!, Wanted: Dead or Alive",2002,false,3955,BANG!,base,tesera-detail-bgg-id,,matched,
331,759293,zombies-in-the-house,Зомби в доме,Zombergeek | Zombies in the house,2016,false,209551,Zombergeek,base,tesera-detail-bgg-id,,matched,
332,63678,nefarious,Нефариус,Nefarious,2011,false,108044,Nefarious,base,tesera-detail-bgg-id,,matched,
333,238,race-for-the-galaxy,Борьба за галактику,Race for the Galaxy,2007,false,28143,Race for the Galaxy,base,tesera-detail-bgg-id,,matched,
334,2957,saboteur,Гномы-вредители,Saboteur,2004,true,9220,Saboteur,base,tesera-detail-bgg-id,,matched,
335,295051,World-of-Tanks-Rush,World of Tanks: Rush,,2013,true,147030,World of Tanks: Rush,base,tesera-detail-bgg-id,,matched,
336,526502,rozhdeniye-normandii,Рождение Нормандии,,,false,,,,unresolved,,needs-review,
337,2626,AliasParty,Alias Party,Алиас для вечеринок,,true,43530,Party Alias,base,tesera-detail-bgg-id,,matched,
338,529,activity,Activity,"Активити | Le temps presse, Word In Time, Word Trio",1993,false,27451,Activity 2,base,tesera-detail-bgg-id,,matched,
339,606802,monopoly-card,Монополия с банковскими карточками (обновленная),,,false,,,,unresolved,,needs-review,
340,240558,piratskaya-monopoliya,Пиратская монополия,,,false,,,,unresolved,,needs-review,
341,3968,labirint-zmeya,Лабиринт Змея,,2010,false,,,,unresolved,,needs-review,
342,2941,mare-nostrum,Mare Nostrum,Цивилизация Сержа Лаже,2003,false,3931,Mare Nostrum,base,tesera-detail-bgg-id,,matched,
343,707035,moia-pervaia-igra-alias,Алиас моя первая игра,моя первая игра Alias | Скажи иначе. моя первая игра,,false,,,,unresolved,,needs-review,
344,498815,exploding-kittens,Взрывные котята,Exploding Kittens,2015,false,172225,Exploding Kittens,base,tesera-detail-bgg-id,,matched,
345,1075796,tarakany-v-kholodilnike,Тараканы в холодильнике,,2017,false,,,,unresolved,,needs-review,
346,627024,royal-goods,Королевские Товары,Oh My Goods! | Royal Goods,2015,false,183840,Oh My Goods!,base,tesera-detail-bgg-id,,matched,
347,557516,krokodil-vsyakorazny,Крокодил всякоразный,Компактная версия Крокодила Большая вечеринка.,,false,,,,unresolved,,needs-review,
348,348,uno,Уно,Uno | Can-Can,1971,false,2223,UNO,base,tesera-detail-bgg-id,,matched,
349,714498,gribnoy-sup,Грибной суп,,2016,false,,,,unresolved,,needs-review,
350,1893,jenga,Дженга,Jenga,1983,false,2452,Jenga,base,tesera-detail-bgg-id,,matched,
351,211977,The-Witches-A-Discworld-Game,Плоский мир: Ведьмы,"The Witches: A Discworld Game | Disque-Monde: Les Sorcières, Świat Dysku: Wiedźmy",2013,false,137095,The Witches,base,tesera-detail-bgg-id,,matched,
352,534911,Pyatnica,Пятница,Любимая игра телеканала ПЯТНИЦА,2014,false,,,,unresolved,,needs-review,
353,340192,jackal-treasure-island-2013,Шакал: Остров Сокровищ,Jackal: Treasure Island,2013,false,119729,Jackal: Treasure Island,base,bgg-canonical-redirect,,matched-canonical-upload,Tesera BGG ID 215545 redirects to canonical BGG item 119729.
354,1683043,memo-mir-dinozavrov,Мемо Мир динозавров,,2019,false,,,,unresolved,,needs-review,
355,997943,memo-flagi,Мемо Флаги,,,true,,,,unresolved,,needs-review,
356,536555,memo-kosmos,Мемо: Космос,,,true,,,,unresolved,,needs-review,
357,148288,memo-ves-mir,"Мемо ""Весь мир""",,2012,true,,,,unresolved,,needs-review,
358,196354,berserk-burya-stikhy,Берсерк. Буря Стихий,,2012,true,,,,unresolved,,needs-review,
359,88707,metro-2033-2e,Метро 2033 2-е издание,Метро 2033 Вторая редакция,2011,false,112210,Metro 2033,base,tesera-detail-bgg-id,,matched,
360,1135195,whos-the-dude,Время Валеры,Who's the Dude?,2017,false,231674,Who's the Dude?,base,tesera-detail-bgg-id,,matched,
361,54077,flash-point,01: Большой пожар,Flash Point: Fire Rescue,2011,false,100901,Flash Point: Fire Rescue,base,tesera-detail-bgg-id,,matched,
362,707,carcassonne,Каркассон,Carcassonne | Средневековье,2000,true,822,Carcassonne,base,tesera-detail-bgg-id,,matched,
363,1131,carcassonne-the-discovery,Каркассон. Новые земли,Carcassonne: The Discovery,2005,false,16216,Carcassonne: The Discovery,base,tesera-detail-bgg-id,,matched,
